LabID.V2;CYP1A2_rs12592480;CYP1A2_rs1261500204;CYP1A2_rs28399417;CYP1A2_rs12720461;CYP1A2_rs183165301;CYP1A2_rs56160784;CYP1A2_rs72547511;CYP1A2_rs71651689;CYP1A2_rs138652540;CYP1A2_rs139412032;CYP1A2_rs770950827;CYP1A2_rs72547513;CYP1A2_rs758748797;CYP1A2_rs17861157;CYP1A2_rs35796837;CYP1A2_rs56276455;CYP1A2_rs72547514;CYP1A2_rs148157092;CYP1A2_rs72547515;CYP1A2_rs72547516;CYP1A2_rs149928755;CYP1A2_rs55889066;CYP1A2_rs56107638;CYP1A2_rs145557631;CYP1A2_rs28399424;CYP1A2_rs144148965;CYP1A2_rs45486893;CYP1A2_rs72547517;CYP1A2_rs143193369;CYP1A2_rs374094758;CYP1A2_rs147291782;CYP1A2_rs192675765;CYP1A2_rs547728303;CYP1A2_rs150899357;CYP1A2_rs61164848;CYP1A2_rs75144432;CYP1A2_rs2069512;CYP1A2_rs2069513;CYP1A2_rs2069514;CYP1A2_rs2069519;CYP1A2_rs2069520;CYP1A2_rs2069521;CYP1A2_rs2069522;CYP1A2_rs140332080;CYP1A2_rs2069524;CYP1A2_rs2069525;CYP1A2_rs140904510;CYP1A2_rs2069526;CYP1A2_rs190560674;CYP1A2_rs762551;CYP1A2_rs4646425;CYP1A2_rs34264399;CYP1A2_rs45468096;CYP1A2_rs28399419;CYP1A2_rs2472304;CYP1A2_rs3743484;CYP1A2_rs55711332;CYP1A2_rs4646427;CYP1A2_rs12593808;CYP1A2_rs28399423;CYP1A2_rs2470890;CYP1A2_rs11636419;CYP1A2_rs17861162;CYP1A2_rs2960192;CYP1A2_rs139156950;CYP1A2_rs12591078;CYP1A2_rs11072501;CYP1A2_rs72728895;CYP1A2_rs74025834;CYP1A2_rs74025836;CYP1A2_rs1350194;CYP1A2_rs61620875;CYP1A2_rs12903896;CYP1A2_rs11854147;CYP1A2_rs74025837;CYP1A2_rs11072502;CYP1A2_rs118109237;CYP1A2_rs11072504;CYP1A2_rs12439187;CYP1A2_rs11072505;CYP1A2_rs11072506;CYP1A2_rs74025838
CSI_0047.CEL;AA;TT;GG;CC;CC;CC;CC;TT;CC;GG;CC;CC;AA;CC;GG;GG;GG;CC;GG;AA;CC;GG;GG;GG;CC;GG;CC;GG;CC;GG;CC;CC;TT;TT;CA;CC;GG;GA;GG;GG;GT;GG;TT;CC;AA;TT;GG;TT;CC;AA;CC;GG;CC;CC;GA;CG;CG;TT;TG;CC;CT;GA;GC;GA;CC;CC;GA;GG;AT;GA;AA;CC;CT;CC;TT;AA;--;CC;--;GG;GG;CT
CSI_0052.CEL;AA;TT;GG;CC;CC;CC;CC;TT;CC;GG;CC;CC;AA;CC;GG;GG;GG;CC;GG;AA;CC;GG;GG;GG;CC;GG;CC;GG;CC;GG;CC;CC;TT;CT;CA;TC;GG;AA;GG;TG;TT;AG;CT;CC;GA;CT;GG;GT;CC;CA;TC;GG;CC;CC;GG;GG;GG;CT;TG;CC;CC;GA;GC;GG;CC;TC;GA;GG;AT;GA;AA;CC;CC;TC;CT;GA;TT;TC;CT;AG;AA;CT
CSI_0082.CEL;AA;TT;GG;CC;CC;CC;CC;TT;CC;GG;CC;CC;AA;CC;GG;GG;GG;CC;GG;AA;CC;GG;GG;GG;CC;GG;CC;GG;CC;GG;CC;CC;TT;CT;CA;TC;GG;AA;GG;TG;TT;AG;CT;CC;GA;CT;GG;GT;CC;AA;TC;GG;CC;CC;GA;GG;GG;CT;TG;CC;CT;GA;GC;GA;CC;CC;GA;GG;AT;GA;AA;CC;CT;CC;CT;AA;TT;CC;CT;GG;AG;CT
CSI_0083.CEL;AA;TT;GG;CC;CC;CC;CC;TT;CC;GG;CC;CC;AA;CC;GG;GG;GG;CC;GG;AA;CC;GG;GG;GG;CC;GG;CC;GG;CC;GG;CC;CC;TT;TT;CA;CC;GG;GA;GG;GG;GT;GG;TT;CC;AA;TT;GG;TT;CC;AA;CC;GG;CC;CC;GA;CG;CG;TT;TG;CC;CT;GA;GC;GA;CC;CC;GA;GG;AT;GA;AA;CC;CT;CC;TT;AA;--;CC;--;GG;GG;CT
CSI_0138.CEL;AA;TT;GG;CC;CC;CC;CC;TT;CC;GG;CC;CC;AA;CC;GG;GG;GG;CC;GG;AA;CC;GG;GG;GG;CC;GG;CC;GG;CC;GG;CC;CC;TT;TT;CA;CC;GG;GA;GG;GG;GT;GG;TT;CC;AA;TT;GG;TT;CC;AA;CC;GG;CC;CC;GA;CG;CG;TT;TG;CC;CT;GA;GC;GA;CC;CC;GA;GG;AT;GA;AA;CC;CT;CC;TT;AA;TT;CC;TT;GG;GG;CT
GJV_0147.CEL;AA;TT;GG;CC;CC;CC;CC;TT;CC;GG;CC;CC;AA;CC;GG;GG;GG;CC;GG;AA;CC;GG;GG;GG;CC;GG;CC;GG;CC;GG;CC;CC;TT;TT;CA;CC;GG;GA;GG;GG;GT;GG;TT;GC;AA;TT;GG;TT;CC;CA;CC;GG;CC;CC;GG;CG;CG;TT;TG;CC;CC;GA;GC;GG;TC;TC;GA;GG;AT;GA;AA;CC;CC;TC;TT;GA;--;TC;--;AG;AG;CT
HGV_0004.CEL;AA;TT;GG;CC;CC;CC;CC;TT;CC;GG;CC;CC;AA;CC;GG;GG;GG;CC;GG;AA;CC;GG;GG;GG;CC;GG;CC;GG;CC;GG;CC;CC;TT;CT;CA;TC;GG;AA;GG;TG;TT;AG;CT;CC;GA;CT;GG;GT;CC;AA;TC;GG;CC;CC;GA;GG;GG;CT;TG;CC;CT;GA;GC;GA;CC;CC;GA;AG;AT;GA;AA;CC;CT;CC;CT;AA;TT;CC;CT;GG;AG;CT
HGV_0011.CEL;AA;TT;GG;CC;CC;CC;CC;TT;CC;GG;CC;CC;AA;CC;GG;GG;GG;CC;GG;AA;CC;GG;GG;GG;CC;GG;CC;GG;CC;GG;CC;CC;TT;TT;CA;CC;GG;GA;GG;GG;GT;GG;TT;GC;AA;TT;GG;TT;CC;CA;CC;GG;CC;CC;GG;CG;CG;TT;TG;--;CC;GA;GC;GG;TC;TC;GA;GG;AT;GA;AA;CC;CC;TC;TT;GA;TT;TC;TT;AG;AG;CT
IEV_0002.CEL;AA;TT;GG;CC;CC;CC;CC;TT;CC;GG;CC;CC;AA;CC;GG;GG;GG;CC;GG;AA;CC;GG;GG;GG;CC;GG;CC;GG;CC;GG;CC;CC;TT;TT;CA;CC;GG;GA;GG;GG;GT;GG;TT;CC;AA;TT;GG;TT;CC;CA;CC;GG;CC;CC;GG;CG;CG;TT;TG;TC;CC;GA;GC;GG;CC;TC;GA;GG;AT;GA;AA;CC;CC;TC;TT;GA;TT;TC;TT;AG;AG;CT
IEV_0027.CEL;AA;TT;GG;CC;CC;CC;CC;TT;CC;GG;CC;CC;AA;CC;GG;GG;GG;CC;GG;AA;CC;GG;GG;GG;CC;GG;CC;GG;CC;GG;CC;CC;TT;CT;CA;TC;GG;AA;GG;TG;TT;AG;CT;CC;GA;CT;GG;GT;CC;AA;TC;GG;CC;CC;GA;GG;GG;CT;TG;CC;CT;GA;GC;GA;CC;CC;GA;GG;AT;GA;AA;CC;CT;CC;CT;AA;TT;CC;CT;GG;AG;CT
IEV_0033.CEL;AA;TT;GG;CC;CC;CC;CC;TT;CC;GG;CC;CC;AA;CC;GG;GG;GG;CC;GG;AA;CC;GG;GG;GG;CC;GG;CC;GG;CC;GG;CC;CC;TT;CT;CA;TC;GG;AA;GG;TG;TT;AG;CT;CC;GA;CT;GG;GT;CC;CA;TC;GG;CC;CC;GG;GG;GG;CT;TG;CC;CC;GA;GC;GG;CC;TC;GA;GG;AT;GA;AA;CC;CC;TC;CT;GA;TT;TC;CT;AG;AA;CT
IEV_0066.CEL;AA;TT;GG;CC;CC;CC;CC;TT;CC;GG;CC;CC;AA;CC;GG;GG;GG;CC;GG;AA;CC;GG;GG;GG;CC;GG;CC;GG;CC;GG;CC;CC;TT;CT;CA;TC;GG;AA;GG;TG;TT;AG;CT;CC;GA;CT;GG;GT;CC;AA;TC;GG;CC;CC;GA;GG;GG;CT;TG;CC;CT;GA;GC;GA;CC;CC;GA;GG;AT;GA;AA;CC;CT;CC;CT;AA;TT;CC;CT;GG;AG;CT
PNT_0054.CEL;AA;TT;GG;CC;CC;CC;CC;TT;CC;GG;CC;CC;AA;CC;GG;GG;GG;CC;GG;AA;CC;GG;GG;GG;CC;GG;CC;GG;CC;GG;CC;CC;TT;CT;CA;TC;GG;AA;GG;TG;TT;AG;CT;CC;GA;CT;GG;GT;CC;AA;TC;GG;CC;CC;GA;GG;GG;CT;TG;CC;CT;GA;GC;GA;CC;CC;GA;GG;AT;GA;AA;CC;CT;CC;CT;AA;TT;CC;CT;GG;AG;CT
PNT_0056.CEL;AA;TT;GG;CC;CC;CC;CC;TT;CC;GG;CC;CC;AA;CC;GG;GG;GG;CC;GG;AA;CC;GG;GG;GG;CC;GG;CC;GG;CC;GG;CC;CC;TT;CT;CA;TC;GG;AA;GG;TG;TT;AG;CT;CC;GA;CT;GG;GT;CC;CA;TC;GG;CC;CC;GG;GG;GG;CT;TG;CC;CC;GA;GC;GG;CC;TC;GA;GG;AT;GA;AA;CC;CC;TC;CT;GA;TT;TC;CT;AG;AA;CT
PNT_0061.CEL;AA;TT;GG;CC;CC;CC;CC;TT;CC;GG;CC;CC;AA;CC;GG;GG;GG;CC;GG;AA;CC;GG;GG;GG;CC;GG;CC;GG;CC;GG;CC;CC;TT;TT;CA;CC;GG;GA;GG;GG;GT;GG;TT;CC;AA;TT;GG;TT;CC;CA;CC;GG;CC;CC;GG;CG;CG;TT;TG;CC;CC;GA;GC;GG;CC;TC;GA;GG;AT;GA;AA;CC;CC;TC;TT;GA;TT;TC;TT;AG;AG;CT
PNT_0079.CEL;AA;TT;GG;CC;CC;CC;CC;TT;CC;GG;CC;CC;AA;CC;GG;GG;GG;CC;GG;AA;CC;GG;GG;GG;CC;GG;CC;GG;CC;GG;CC;--;TT;TT;CA;CC;GG;GA;GG;GG;GT;GG;TT;CC;AA;TT;GG;TT;CC;CA;CC;GG;CC;CC;GG;CG;CG;TT;TG;CC;CC;GA;GC;GG;CC;TC;GA;GG;AT;GA;AA;CC;CC;TC;TT;GA;TT;TC;TT;AG;AG;CT
PNT_0091.CEL;AA;TT;GG;CC;CC;CC;CC;TT;CC;GG;CC;CC;AA;CC;GG;GG;GG;CC;GG;AA;CC;GG;GG;GG;CC;GG;CC;GG;CC;GG;CC;CC;TT;CT;CA;TC;GG;AA;GG;TG;TT;AG;CT;CC;GA;CT;GG;GT;CC;AA;TC;GG;CC;CC;GA;GG;GG;CT;TG;CC;CT;GA;GC;GA;CC;CC;GA;GG;AT;GA;AA;CC;CT;CC;CT;AA;TT;CC;CT;GG;AG;CT
PNT_0116.CEL;AA;TT;GG;CC;CC;CC;CC;TT;CC;GG;CC;CC;AA;CC;GG;GG;GG;CC;GG;AA;CC;GG;GG;GG;CC;GG;CC;GG;CC;GG;CC;CC;TT;CT;CA;TC;GG;AA;GG;TG;TT;AG;CT;CC;GA;CT;GG;GT;CC;AA;TC;GG;CC;CC;GA;GG;GG;CT;TG;CC;CT;GA;GC;GA;CC;CC;GA;GG;AT;GA;AA;CC;CT;CC;CT;AA;TT;CC;CT;GG;AG;CT
PNT_0121.CEL;AA;TT;GG;CC;CC;CC;CC;TT;CC;GG;CC;CC;AA;CC;GG;GG;GG;CC;GG;AA;CC;GG;GG;GG;CC;GG;CC;GG;CC;GG;CC;CC;TT;CT;CA;TC;GG;AA;GG;TG;TT;AG;CT;CC;GA;CT;GG;GT;CC;AA;TC;GG;CC;CC;GA;GG;GG;CT;TG;CC;CT;GA;GC;GA;CC;CC;GA;GG;AT;GA;AA;CC;CT;CC;CT;AA;TT;CC;CT;GG;AG;CT
PNT_0129.CEL;AA;TT;GG;CC;CC;CC;CC;TT;CC;GG;CC;CC;AA;CC;GG;GG;GG;CC;GG;AA;CC;GG;GG;GG;CC;GG;CC;GG;CC;GG;CC;CC;TT;CT;CA;TC;GG;AA;GG;TG;TT;AG;CT;CC;GA;CT;GG;GT;CC;CA;TC;GG;CC;CC;GG;GG;GG;CT;TG;--;CC;GA;GC;GG;CC;TC;GA;GG;AT;GA;AA;CC;--;--;CT;--;TT;--;CT;--;--;CT
PNT_0137.CEL;AA;TT;GG;CC;CC;CC;CC;TT;CC;GG;CC;CC;AA;CC;GG;GG;GG;CC;GG;AA;CC;GG;GG;GG;CC;GG;CC;GG;CC;GG;CC;CC;TT;CT;CA;TC;GG;AA;GG;TG;TT;AG;CT;CC;GA;CT;GG;GT;CC;AA;CC;GG;CC;CC;GA;GG;GG;CT;TG;CC;CT;GA;GC;GA;CC;CC;GA;GG;AT;GA;AA;CC;CT;CC;CT;AA;TT;CC;CT;GG;AG;CT
PNT_0138.CEL;AA;TT;GG;CC;CC;CC;CC;TT;CC;GG;CC;CC;AA;CC;GG;GG;GG;CC;GG;AA;CC;GG;GG;GG;CC;GG;CC;GG;CC;GG;CC;CC;TT;TT;CA;CC;GG;GA;GG;GG;GT;GG;TT;CC;AA;TT;GG;TT;CC;AA;CC;GG;CC;CC;GA;CG;CG;TT;TG;CC;CT;GA;GC;GA;CC;CC;GA;GG;AT;GA;AA;CC;CT;CC;TT;AA;TT;CC;TT;GG;GG;CT
PNT_0157.CEL;AA;TT;GG;CC;CC;CC;CC;TT;CC;GG;CC;CC;AA;CC;GG;GG;GG;CC;GG;AA;CC;GG;GG;GG;CC;GG;CC;GG;CC;GG;CC;CC;TT;CT;CA;TC;GG;AA;GG;TG;TT;AG;CT;CC;GA;CT;GG;GT;CC;CA;TC;GG;CC;CC;GG;GG;GG;CT;TG;CC;CC;GA;GC;GG;CC;TC;GA;GG;AT;GA;AA;CC;CC;TC;CT;GA;TT;TC;CT;AG;AA;CT
PNT_0163.CEL;AA;TT;GG;CC;CC;CC;CC;TT;CC;GG;CC;CC;AA;CC;GG;GG;GG;CC;GG;AA;CC;GG;GG;GG;CC;GG;CC;GG;CC;GG;CC;CC;TT;TT;CA;CC;GG;GA;GG;GG;GT;GG;TT;GC;AA;TT;GG;TT;CC;AA;CC;GG;CC;CC;GA;CG;CG;TT;TG;CC;CT;GA;GC;GA;TC;CC;GA;GG;AT;GA;AA;CC;CT;CC;TT;AA;--;CC;--;GG;GG;CT
PNT_0181.CEL;AA;TT;GG;CC;CC;CC;CC;TT;CC;GG;CC;CC;AA;CC;GG;GG;GG;CC;GG;AA;CC;GG;GG;GG;CC;GG;CC;GG;CC;GG;CC;CC;TT;TT;CA;CC;GG;GA;GG;GG;GT;GG;TT;CC;AA;TT;GG;TT;CC;AA;CC;GG;CC;CC;GA;CG;CG;TT;TG;CC;CT;GA;GC;GA;CC;CC;GA;GG;AT;GA;AA;CC;CT;CC;TT;AA;TT;CC;TT;GG;GG;CT
PNT_0206.CEL;AA;TT;GG;CC;CC;CC;CC;TT;CC;GG;CC;CC;AA;CC;GG;GG;GG;CC;GG;AA;CC;GG;GG;GG;CC;GG;CC;GG;CC;GG;CC;CC;TT;TT;CA;CC;GG;AA;--;GG;TT;GG;TT;CC;AA;TT;GG;TT;CC;CA;CC;GG;CC;CC;GG;GG;GG;TT;GG;TC;CC;AA;GC;GG;CC;TC;GA;GG;AT;GA;AA;CC;CC;TC;TT;GA;CT;TC;CT;AG;AG;CT
PNT_0207.CEL;AA;TT;GG;CC;CC;CC;CC;TT;CC;GG;CC;CC;AA;CC;GG;GG;GG;CC;GG;AA;CC;GG;GG;GG;CC;GG;CC;GG;CC;GG;CC;CC;TT;CT;CA;TC;GG;AA;GG;TG;TT;AG;CT;CC;GA;CT;GG;GT;CC;AA;TC;GG;CC;CC;GA;GG;GG;CT;TG;CC;CT;GA;GC;GA;CC;CC;GA;GG;AT;GA;AA;CC;CT;CC;CT;AA;TT;CC;CT;GG;AG;CT
PNT_0214.CEL;AA;TT;GG;CC;CC;CC;CC;TT;CC;GG;CC;CC;AA;CC;GG;GG;GG;CC;GG;AA;CC;GG;GG;GG;CC;GG;CC;GG;CC;GG;CC;CC;TT;TT;CA;CC;GG;GA;GG;GG;GT;GG;TT;CC;AA;TT;GG;TT;CC;CA;CC;GG;CC;CC;GG;CG;CG;TT;TG;CC;CC;GA;GC;GG;CC;TC;GA;GG;AT;GA;AA;CC;CC;TC;TT;GA;TT;TT;TT;AG;AG;CT
PNT_0222.CEL;AA;TT;GG;CC;CC;CC;CC;TT;CC;GG;CC;CC;AA;CC;GG;GG;GG;CC;GG;AA;CC;GG;GG;GG;CC;GG;CC;GG;CC;GG;CC;CC;TT;TT;CA;CC;GG;GA;GG;GG;GT;GG;TT;CC;AA;TT;GG;TT;CC;AA;CC;GG;CC;CC;GA;CG;CG;TT;TG;CC;CT;GA;GC;GA;CC;CC;GA;GG;AT;GA;AA;CC;CT;CC;TT;AA;--;CC;--;GG;GG;CT
RJC_0016.CEL;AA;TT;GG;CC;CC;CC;CC;TT;CC;GG;CC;CC;AA;CC;GG;GG;GG;CC;GG;AA;CC;GG;GG;GG;CC;GG;CC;GG;CC;GG;CC;CC;TT;TT;CA;CC;GG;GA;GG;GG;GT;GG;TT;CC;AA;TT;GG;TT;CC;CA;CC;GG;CC;CC;GG;CG;CG;TT;TG;CC;CC;GA;GC;GG;CC;TC;GA;GG;AT;GA;AA;CC;CC;TC;TT;GA;CT;TC;CT;AG;AG;CT
RJC_0017.CEL;AA;TT;GG;CC;CC;CC;CC;TT;CC;GG;CC;CC;AA;CC;GG;GG;GG;CC;GG;AA;CC;GG;GG;GG;CC;GG;CC;GG;CC;GG;CC;CC;TT;CT;CA;TC;GG;AA;GG;TG;TT;AG;CT;CC;GA;CT;GG;GT;CC;CA;CC;GG;CC;CC;GG;GG;GG;CT;TG;--;CC;GA;GC;GG;CC;TC;GA;GG;AT;GA;AA;CC;CC;TC;CT;GA;TT;TC;CT;AG;AA;CT
RJC_0040.CEL;AA;TT;GG;CC;CC;CC;CC;TT;CC;GG;CC;CC;AA;CC;GG;GG;GG;CC;GG;AA;CC;GG;GG;GG;CC;GG;CC;GG;CC;GG;CC;CC;TT;TT;CA;CC;GG;GA;GG;GG;GT;GG;TT;GC;AA;TT;GG;TT;CC;AA;CC;GG;CC;CC;GA;CG;CG;TT;TG;CC;CT;GA;GC;GA;TC;CC;GA;GG;AT;GA;AA;CC;CT;CC;TT;AA;--;CC;--;GG;GG;CT
RJC_0056.CEL;AA;TT;GG;CC;CC;CC;CC;TT;CC;GG;CC;CC;AA;CC;GG;GG;GG;CC;GG;AA;CC;GG;GG;GG;CC;GG;CC;GG;CC;GG;CC;CC;TT;CT;CA;TC;GG;AA;GG;TG;TT;AG;CT;CC;GA;CT;GG;GT;CC;AA;TC;GG;CC;CC;GA;GG;GG;CT;TG;CC;CT;GA;GC;GA;CC;CC;GA;GG;AT;GA;AA;CC;CT;CC;CT;AA;TT;CC;CT;GG;AG;CT
UAM_0015.CEL;AA;TT;GG;CC;CC;CC;CC;TT;CC;GG;CC;CC;AA;CC;GG;GG;GG;CC;GG;AA;CC;GG;GG;GG;CC;GG;CC;GG;CC;GG;CC;CC;TT;CT;CA;TC;GG;AA;GG;TG;TT;AG;CT;CC;GA;CT;GG;GT;CC;AA;TC;GG;CC;CC;GA;GG;GG;CT;TG;CC;CT;GA;GC;GA;CC;CC;GA;GG;AT;GA;AA;CC;CT;CC;CT;AA;TT;CC;CT;GG;AG;CT
UAM_0018.CEL;AA;TT;GG;CC;CC;CC;CC;TT;CC;GG;CC;CC;AA;CC;GG;GG;GG;CC;GG;AA;CC;GG;GG;GG;CC;GG;CC;GG;CC;GG;CC;CC;TT;TT;CA;CC;GG;GA;GG;GG;GT;GG;TT;CC;AA;TT;GG;TT;CC;AA;CC;GG;CC;CC;GA;CG;CG;TT;TG;CC;CT;GA;GC;GA;CC;CC;GA;GG;AT;GA;AA;CC;CT;CC;TT;AA;TT;CC;TT;GG;GG;CT
UAM_0045.CEL;AA;TT;GG;CC;CC;CC;CC;TT;CC;GG;CC;CC;AA;CC;GG;GG;GG;CC;GG;AA;CC;GG;GG;GG;CC;GG;CC;GG;CC;GG;CC;CC;TT;TT;CA;CC;GG;GA;GG;GG;GT;GG;TT;CC;AA;TT;GG;TT;CC;CA;CC;GG;CC;CC;GG;CG;CG;TT;TG;CC;CC;GA;GC;GG;CC;TC;GA;GG;AT;GA;AA;CC;CC;TC;TT;GA;TT;TC;TT;AG;AG;CT
UAM_0059.CEL;AA;TT;GG;CC;CC;CC;CC;TT;CC;GG;CC;CC;AA;CC;GG;GG;GG;CC;GG;AA;CC;GG;GG;GG;CC;GG;CC;GG;CC;GG;CC;CC;TT;TT;CA;CC;GG;GA;GG;GG;GT;GG;TT;CC;AA;TT;GG;TT;CC;AA;CC;GG;CC;CC;GA;CG;CG;TT;TG;CC;CT;GA;GC;GA;CC;CC;GA;GG;AT;GA;AA;CC;CT;CC;TT;AA;--;CC;--;GG;GG;CT
UAM_0097.CEL;AA;TT;GG;CC;CC;CC;CC;TT;CC;GG;CC;CC;AA;CC;GG;GG;GG;CC;GG;AA;CC;GG;GG;GG;CC;GG;CC;GG;CC;GG;CC;CC;TT;TT;CA;CC;GG;GA;GG;GG;GT;GG;TT;CC;AA;TT;GG;TT;CC;AA;CC;GG;CC;CC;GA;CG;CG;TT;TG;CC;CT;GA;GC;GA;CC;CC;GA;GG;AT;GA;AA;CC;CT;CC;TT;AA;--;CC;--;GG;GG;CT
UAM_0099.CEL;AA;TT;GG;CC;CC;CC;CC;TT;CC;GG;CC;CC;AA;CC;GG;GG;GG;CC;GG;AA;CC;GG;GG;GG;CC;GG;CC;GG;CC;GG;--;CC;TT;TT;CA;CC;GG;GA;GG;GG;GT;GG;TT;CC;AA;TT;GG;TT;CC;CA;CC;GG;CC;CC;GG;CG;CG;TT;TG;CC;CC;GA;GC;GG;CC;TC;GA;GG;AT;GA;AA;CC;CC;TC;TT;GA;--;TC;--;AG;AG;CT
UAM_0128.CEL;AA;TT;GG;CC;CC;CC;CC;TT;CC;GG;CC;CC;AA;CC;GG;GG;GG;CC;GG;AA;CC;GG;GG;GG;CC;GG;CC;GG;CC;GG;CC;CC;TT;CT;CA;TC;GG;AA;GG;TG;TT;AG;CT;CC;GA;CT;GG;GT;CC;AA;TC;GG;CC;CC;GA;GG;GG;CT;TG;CC;CT;GA;GC;GA;CC;CC;GA;GG;AT;GA;AA;CC;CT;CC;CT;AA;TT;CC;CT;GG;AG;CT
UAM_0145.CEL;AA;TT;GG;CC;CC;CC;CC;TT;CC;GG;CC;CC;AA;CC;GG;GG;GG;CC;GG;AA;CC;GG;GG;GG;CC;GG;CC;GG;CC;GG;CC;CC;TT;CT;CA;TC;GG;AA;GG;TG;TT;AG;CT;CC;GA;CT;GG;GT;CC;AA;TC;GG;CC;CC;GA;GG;GG;CT;TG;CC;CT;GA;GC;GA;CC;CC;GA;GG;AT;GA;AA;CC;CT;CC;CT;AA;TT;CC;CT;GG;AG;CT
UAM_0147.CEL;AA;TT;GG;CC;CC;CC;CC;TT;CC;GG;CC;CC;AA;CC;GG;GG;GG;CC;GG;AA;CC;GG;GG;GG;CC;GG;CC;GG;CC;GG;CC;CC;TT;CT;CA;TC;GG;AA;GG;TG;TT;AG;CT;CC;GA;CT;GG;GT;CC;AA;TC;GG;CC;CC;GA;GG;GG;CT;TG;CC;CT;GA;GC;GA;CC;CC;GA;GG;AT;GA;AA;CC;CT;CC;CT;AA;TT;CC;CT;GG;AG;CT
UAM_0160.CEL;AA;TT;GG;CC;CC;CC;CC;TT;CC;GG;CC;CC;AA;CC;GG;GG;GG;CC;GG;AA;CC;GG;GG;GG;CC;GG;CC;GG;CC;GG;CC;CC;TT;TT;CA;CC;GG;GA;GG;GG;GT;GG;TT;CC;AA;TT;GG;TT;CC;AA;CC;GG;CC;CC;GA;CG;CG;TT;TG;CC;CT;GA;GC;GA;CC;CC;GA;GG;AT;GA;AA;CC;CT;CC;TT;AA;TT;--;TT;GG;GG;CT
UAM_0184.CEL;AA;TT;GG;--;CC;CC;CC;TT;CC;GG;CC;CC;AA;CC;GG;GG;GG;CC;GG;AA;CC;GG;GG;GG;CC;GG;CC;GG;CC;GG;CC;CC;TT;CT;CA;TC;GG;AA;GG;TG;TT;AG;CT;CC;GA;CT;GG;GT;CC;AA;TC;GG;CC;CC;GA;GG;GG;CT;TG;CC;CT;GA;GC;GA;CC;CC;GA;GG;AT;GA;AA;CC;CT;CC;CT;AA;TT;CC;CT;GG;AG;CT
UAM_0234.CEL;AA;TT;GG;CC;CC;CC;CC;TT;CC;GG;CC;CC;AA;CC;GG;GG;GG;CC;GG;AA;CC;GG;GG;GG;CC;GG;CC;GG;CC;GG;CC;CC;TT;TT;CA;CC;GG;GA;GG;GG;GT;GG;TT;GC;AA;TT;GG;TT;CC;CA;CC;GG;CC;CC;GG;CG;CG;TT;TG;CC;CC;GA;GC;GG;TC;TC;GA;GG;AT;GA;AA;CC;CC;TC;TT;GA;--;TC;--;AG;AG;CT
UAM_0241.CEL;AA;TT;GG;CC;CC;CC;CC;TT;CC;GG;CC;CC;AA;CC;GG;GG;GG;CC;GG;AA;CC;GG;GG;GG;CC;GG;CC;GG;CC;GG;CC;CC;TT;TT;CA;CC;GG;GA;GG;GG;GT;GG;TT;CC;AA;TT;GG;TT;CC;CA;CC;GG;CC;CC;GG;CG;CG;TT;TG;CC;CC;GA;GC;GG;CC;TC;GA;GG;AT;GA;AA;CC;CC;TC;TT;GA;--;TC;--;AG;AG;CT
UAM_0309.CEL;AA;TT;GG;CC;CC;CC;CC;TT;CC;GG;CC;CC;AA;CC;GG;GG;GG;CC;GG;AA;CC;GG;GG;GG;CC;GG;CC;GG;CC;GG;CC;CC;TT;CT;CA;TC;GG;AA;GG;TG;TT;AG;CT;CC;GA;CT;GG;GT;CC;CA;TC;GG;CC;CC;GG;GG;GG;CT;TG;CC;CC;GA;GC;GG;CC;TC;GA;GG;AT;GA;AA;CC;CC;TC;CT;GA;TT;TC;CT;AG;AA;CT
UAM_0331.CEL;AA;TT;GG;CC;CC;CC;CC;TT;CC;GG;CC;CC;AA;CC;GG;GG;GG;CC;GG;AA;CC;GG;GG;GG;CC;GG;CC;GG;CC;GG;CC;CC;TT;TT;CA;CC;GG;GA;GG;GG;GT;GG;TT;CC;AA;TT;GG;TT;CC;CA;CC;GG;TC;CC;GG;CG;CG;TT;TG;CC;CC;GA;GC;GG;CC;TC;GA;GG;AT;GA;AA;CC;CC;TC;TT;GA;TT;TC;TT;AG;AG;CT
UAM_0351.CEL;AA;TT;GG;CC;CC;CC;CC;TT;CC;GG;CC;CC;AA;CC;GG;GG;GG;CC;GG;AA;CC;GG;GG;GG;CC;GG;CC;GG;CC;GG;CC;CC;TT;TT;CA;CC;GG;GA;GG;GG;GT;GG;TT;GC;AA;TT;GG;TT;CC;AA;CC;GG;CC;CC;GA;CG;CG;TT;TG;CC;CT;GA;GC;GA;TC;CC;GA;GG;AT;GA;AA;CC;CT;CC;TT;AA;TT;CC;TT;GG;GG;CT
UAM_0432.CEL;AA;TT;GG;CC;CC;CC;CC;TT;CC;GG;CC;CC;AA;CC;GG;GG;GG;CC;GG;AA;CC;GG;GG;GG;CC;GG;CC;GG;CC;GG;CC;CC;TT;TT;CA;CC;GG;GA;GG;GG;GT;GG;TT;GC;AA;TT;GG;TT;CC;AA;CC;GG;CC;CC;GA;CG;CG;TT;TG;CC;CT;GA;GC;GA;TC;CC;GA;GG;AT;GA;AA;CC;CT;CC;TT;AA;--;CC;--;GG;GG;CT
UAM_0437.CEL;AA;TT;GG;CC;CC;CC;CC;TT;CC;GG;CC;CC;AA;CC;GG;GG;GG;CC;GG;AA;CC;GG;GG;GG;CC;GG;CC;GG;CC;GG;CC;CC;TT;TT;CA;CC;GG;GA;GG;GG;GT;GG;TT;CC;AA;TT;GG;TT;CC;AA;CC;GG;CC;CC;GA;CG;CG;TT;TG;CC;CT;GA;GC;GA;CC;CC;GA;GG;AT;GA;AA;CC;CT;CC;TT;AA;TT;CC;TT;GG;GG;CT
